"","Code","Mots_cles"
"1","AP00","Travail en equipe autonomie commande outil du projet pedagogie par le projet"
"2","AP51","ingenierie simultanee ingenierie numerique integration mecanique"
"3","AP52","Modelisation par elements finis Optimisation Muliphysique"
"4","AP53","Lean manufacturing Accompagnement du changement Performance industrielle Transition ecologique Management de projet"
"5","AR03","performance esthetique art et societe enquete son film arts visuels et numeriques art et nature avant-garde architecture"
"6","AR04","architecture art patrimoine ville"
"7","AS01","reseau / communaute  collectifs enquete ingenieur contemporain exigences ecologiques capitalisme contemporain"
"8","AS02","complexite resolution de probleme metier d'ingenieur"
"9","AV01","audiovisuel convergence numerique industries culturelles montage"
"10","BA01","electricite chauffage climatisation eau chaude sanitaire ventilation energies renouvelables"
"11","BA03","materiaux de construction pathologie beton bois verre comportement metaux"
"12","BA04","biomasse solaire production eolien transport hydraulique"
"13","BA05","automates GTB GTC domotique supervision regulation contra´le capteurs actionneurs"
"14","BA06","Batiment chantier structure gros oeuvre fondation enveloppe construction en bois organisation"
"15","BA07","projet acteurs processus methodes outils conception"
"16","BA08","sensor networks smart city deep learning smart building Python data science urban IoT urban computing smart for green machine learning"
"17","BA09","calcul des structures Statique et RDM constructions metalliques beton arme logiciel ROBOT dynamique de structures methode des elements finis"
"18","BI01","genomes phenomenes biologiques biologie mathematique sequences biologiques"
"19","BL10","interactions moleculaires acides nucleiques gel filtration, electrophorese enzymes acides amines, peptides, proteines filtration sur gel, electrophorese lipides spectrometrie de masse oses macromolecules en solution"
"20","BL16","microorganisme cellules vegetales et animales physiologie bioreacteurs"
"21","BL17","biochimie enzymologie bioinformatique purification synthese remodelage proteomique"
"22","BL20","transports membranaires potentiels membranaire recepteurs membranaires communications cellulaires"
"23","BL22","genetique metabolisme microbien microbiologie"
"24","BL30","Contra´le nerveux Regulation de la fonction digestive Regulation de la fonction circulatoire contra´le de la motricite Regulation de la fonction respiratoire Contra´le hormonal Homeostasie"
"25","BL40","proliferation differenciation apoptose immunologie"
"26","BM01","technologies medicales dispositifs medicaux traitements et soins laboratoire d'analyses medicales imagerie medicale"
"27","BM02","cycle cardiaque rheologie sanguine ecoulements arteriels hemodialyse plasmapherese foie bioartificiel protheses vasculaires et valvulaires coeur artificiel"
"28","BM03","Robotique Cinematique Traitement du signal biomedical Syteme embarque Electronique numerique Contra´le myoelectrique Programmation C et Python"
"29","BM04","capteurs acquisition de signaux traitement du signal securite electrique materiovigilence"
"30","BM05","exploration fonctionnelle physiopathologie electrophysiologie angiographie fibroscopie echographie medecine nucleaire"
"31","BM06","segmentation amelioration imagerie medicale multimodalites traitement analyse d'images caracterisation compression et transfert"
"32","BM07","cytotoxicite reaction inflammatoire hypersensibilite genotoxicite corrosion relargage debris d'usure"
"33","BM08","CAO calculs de structures methode des elements finis biomecanique"
"34","BT02","operations unitaires agro-industrie sterilisation-pasteurisation echangeurs a  plaques sechage-lyophilisation evaporation-concentration congelation-surgelation cristallisation extraction diffusion"
"35","BT03","cultures in vitro cryopreservation cytotoxicite techniques de separation ingenierie tissulaire"
"36","BT06","produits biologiques produits alimentaires materiaux biologiques processus technologiques"
"37","BT07","formulation ingredients additifs proprietes fonctionnelles nutrition agents texturants"
"38","BT09","Biochimie qualite sensorielle analyse des dangers agro alimentaire"
"39","BT10","toxicologie evaluation des risques management des risques reglementation pesticides irradiation additifs cancer OGM mycotoxines"
"40","BT21","bioinformatique vaccins ethique biotechnologie OGM genie genetique clonage recombinant legislation"
"41","BZ08","Biomecanique Calculs de structures Modelisation geometrique Elements finis"
"42","CM04","separation conversion echange de chaleur bilan matiere bilan d'energie"
"43","CM05","Equations d'etat Grandeurs de melange Fugacite Activite Equilibres de phases"
"44","CM06","Bilans matiere et energie dimensionnement d'appareillage calcul d'installation simulation de procede securite calcul de coa»t"
"45","CM15","milieux poreux gels poudres suspensions mousses emulsions interfaces"
"46","CM40","Catalyse heterogene Adsorption Catalyseurs solides Cinetique chimique Cinetique physique Reacteurs catalytiques"
"47","CM70","distillation absorption extraction ebulliometrie diagramme ternaire"
"48","CM71","echangeurs changement d'etat reacteur distribution des temps de sejour filtration"
"49","DD01","Developpement durable responsabilite technologie environnement ethique"
"50","DD02","ecoconception Analyse de Cycle de Vie ecoproduit impact environnemental conception"
"51","DF01","Pilotage de processus multivaries DMAIC ; 6-Sigma MSP/SPC Machine Learning Analyse de donnees industrielles"
"52","DF02","analyses Weibull Prediction et estimation analyses des defaillances Analyse de duree de vie m'aitrise des risques essais de fiabilite arbre de defaillances AMDEC analyse preliminaire des risques"
"53","DF03","plans d'experiences plans complets fractionnaire analyse de variance validite de modele facteurs bruits robustesse methodologie Taguchi methode des surfaces de reponses"
"54","DF04","Soutenabilite Maintenance conditionnelle et previsionnelle disponibilite strategie de maintenance PHM"
"55","DI01","design produits creation industrielle conception"
"56","DI02","design communication image initiation plastique graphisme packaging logotypes typographies signaletique"
"57","DI03","Projet design Creation formelle Modelisation Design produit"
"58","DI04","design packaging maquettes 3D graphisme marketing communication volumes branding"
"59","DI05","analyse de la valeur analyse fonctionnelle fonction conception conception a  coa»t objectif juste necessaire design design to cost"
"60","DI06","analyse comparative evaluation subjective cartographies de tendances design industriel"
"61","DI08","design projet produit innovation"
"62","DS01","Perception Marketing Acoustique Design"
"63","EG01","activite d'usage et de travail conception confort efficacite transformations"
"64","EI03","interculturel cooperation anthropologie culture fusions organisation international sociologie professions culture d'entreprise"
"65","EI04","Innovation Gestion de l'information Influence, lobbying  Diagnostic Veille Prospective Crise et resilience"
"66","EI05","decision procedures Bologna process EU28 mobility ERA Erasmus European history Horizon 2020 European democracy"
"67","EL01","electromagnetisme electrostatique magnetisme electrodynamique problemes de champ aux limites"
"68","EL02","circuits DC, AC monophase ou AC triphase protection et appareillages electriques reseaux electriques puissance et energie electrique mesures electriques transformateurs introduction aux energies renouvelables"
"69","EN14","composants fonctions electroniques"
"70","EN21","amplificateur operationnel diode transistor semi-conducteur fonction de transfert diagramme de Bode Montages redresseurs MOSFETs"
"71","EV01","traitement effluents gazeux effluents aqueux dechet traitement physico-chimique thermique biologique"
"72","EV02","procede propre conception de procede risques legislation environnement bilans approche REACh separations analyse de cycle de vie"
"73","EV03","environnement  traitement de l'eau filtration  decantation procedes membranaires"
"74","FQ01","Qualite en Conception OMQ Qualite programme Audit Management qualite et systemes Normalisation certification homologation Economie de l'ingenierie ISO 9000 Outils de base pour les risques Evaluation de la conformite"
"75","FQ04","qualite bonnes pratiques certification normes reglementation"
"76","GA38","KM capitalisation de connaissances veille technologique innovation creativite"
"77","GE10","emploi monnaie croissance PIB globalisation politiques economiques production, repartition, depense commerce international"
"78","GE13","alea complexite vulnerabilite acteurs & outils catastrophe demarche comparative et multiscalaire resilience systeme"
"79","GE15","marketing propriete industrielle production finances"
"80","GE20","Concurrence/marches Secteurs/filieres Strategies de prix/produits Competitivite hors-coa»t Actifs immateriels Modeles economiques"
"81","GE21","Innovation Communs Economie numerique Propriete intellectuelle Interactions Reseaux Socio-technique"
"82","GE22","commerce international division internationale du travail systemes monetaires finance internationale mondialisation strategies de developpement"
"83","GE24","coa»t du capital Options reelles investissement Incertitude Projet plan de financement capital-risque R&D"
"84","GE25","Juste A Temps (JAT) Productivite Stock Ordonnancement Amenagement Strategie Delai, Coa»t, Performance Previsions Lean"
"85","GE26","ressources humaines competences recrutement management organisation relations sociales remuneration formation"
"86","GE27","Budgets resultat  SIG CAF bilans fonds de roulement tableaux de financement rentabilite actualisation"
"87","GE28","innovation economie numerique propriete intellectuelle brevet economie numerique propriete intellectuelle Certificat d'obtention vegetale droit d'auteur droit d'auteur"
"88","GE29","organisation strategie d'implantation joint venture recrutement marketing approvisionnement logistique juridique fiscalisation"
"89","GE36","esprit methode organisation etudes strategie E-CRM planification lancement nouveaux produits communication"
"90","GE37","Gestion Projet Delai Coa»t Tache Coordination Pilotage Decision Planning Budget"
"91","GE38","KM capitalisation de connaissances veille technologique innovation creativite"
"92","GE39","diagnostic de viabilite marketing  strategies et environnement  comportement probable de l'acheteur plan Marketing segmentation prescriptive co-developpement Business Model"
"93","GE40","projet management planning rentabilite coa»t-budget phase - jalon delai risque tache - livrable innovation"
"94","GE90","economie de la connaissance science des organisations gestion de l'innovation approche internationale"
"95","HE01","intelligence artificielle medicale science moderne relativisme science antique ruptures biologie et biomedecine scientificite  realisme sciences medicales"
"96","HE03","Histoire de la logique Systemes axiomatiques Logiques antiques positivisme logique, cercle de Vienne Incompletudes et limitations de la logique"
"97","HT01","technologie et societe histoire des techniques histoire de l'innovation technique"
"98","IA01","Intelligence Artificielle Representation des connaissances Raisonnement programmation symbolique Reseau de neurones artificiels Algorithme genetique Logiques de description Ontologie Reseaux semantiques Systeme multi-agents"
"99","IA02","calcul des predicats representation logique demonstration automatique heuristiques recherche dans un espace d'etats algorithmes pour les jeux SAT programmation logique"
"100","IA03","Capitalisation des connaissances Technologie du web semantique Environnement de collaboration Ontologie Memoire d'entreprise Web de donnees Logiques de description"
"101","IA04","systemes multi-agents intelligence artificielle distribuee programmation orientee service choix social computationnel"
"102","IC01","industrie culturelle numerique convergence industrialisation contenus"
"103","IC05","analyse de donnees visualisation d'information web reseaux innovation technologique"
"104","IC06","projet jeux video industrie conception histoire culture conservation tests esthetique gameplay"
"105","ICX7","organisation cooperation innovation collectif communaute reseau management sociologie economie NTIC"
"106","INF2","algorithme programmation objet python programmation web interface utilisateur base de donnees bibliotheques scientifiques"
"107","IQ01","Qubits Portes quantiques Algorithmes quantiques"
"108","ISCF","Ingenierie pluridisciplinaire"
"109","LA00","allemand initiation communication simple vie courante premier contact professionnel"
"110","LA01","renforcer les bases  envie d'apprendre"
"111","LA02","parler plus facilement  spontaneite  renforcer les acquis  approfondissement culture allemande enrichir le vocabulaire entr'ainement a  l'ecoute"
"112","LA03","communication sciences civilisation / histoire actualite monde du travail"
"113","LA04","milieu professionnel faire une presentation les etudes en Allemagne animation de groupe sujets scientifiques / techniques la societe allemande"
"114","LA11","vocabulaire de base comprehension orale communiquer grammaire prononciation"
"115","LA12","echanges en ligne anglais intermediaire anglais oral projets"
"116","LA13","communiquer comprehension orale anglais courant et professionnel revisions grammaticales prononciation redaction"
"117","LA14","Commonwealth anglais civilisation britannique histoire anglophone Irlande histoire anglo-saxon societe"
"118","LA15","cinema litterature traduction debats mini-seminaires"
"119","LA20","situations de la vie courante niveau elementaire debutants structures linguistiques de base"
"120","LA21","progression et renforcement des acquis linguistiques  expression sur des sujets familiers et habituels spontaneite dans l'expression orale et ecrite"
"121","LA22","utilisateur independant de la langue reflexion interculturelle consolidation bases linguistiques description, narration et argumentation"
"122","LA23","espagnol niveau B2 niveau avance"
"123","LA24","realite latino-americaine debat culture langue et discours pratique oral conference langue representations culturelles arts civilisation"
"124","LA91","communication courante expression et comprehension orales"
"125","LA92","comprehension et expression orales et ecrites"
"126","LA93","correction de la langue simulation globale parole ecriture"
"127","LA94","correction de la langue ecriture et parole analyse du discours"
"128","LB14","niveau d'anglais avance socio-anthropologie Etats-Unis interculturel communication culture française"
"129","LB24","espagnol civilisation Espagne histoire culture societe cinema arts langue"
"130","LC14","innovation  compte-rendus  redaction debat  ethique  presentation vulgarisation discussion"
"131","LD14","Anglais professionnel Anglais des affaires UV de niveau 4"
"132","LG30","nihon no bunka syllabaire japonais nihongo caracteres chinois culture japonaise hiragana langue japonaise kanji"
"133","LG31","japon langue japonaise culture japonaise nihongo"
"134","LG32","kanji culture japonaise activite echange  decouverte langue japonaise"
"135","LG33","kanji bunka ka´rya» seikatsu  rya»gaku rekishi kaiwa machi shumi katsuta´"
"136","LG40","phonetique lexique grammaire communication portugal bresil"
"137","LG41","lexique phonetique linguistique communication portugal  bresil"
"138","LG42","phonetique communication  grammaire lexique portugal bresil  reflexion autonomie"
"139","LG50","grammaire lexique phonetique communication orale actualite italienne"
"140","LG51","comprendre parler ecrire interagir"
"141","LG52","comprendre approfondir sa connaissance de l'Italie parler"
"142","LG53","synthese exposes et rapports prise de parole  societe italienne contemporaine"
"143","LG60","les traits des caracteres ecriture pinyin pinyin oral ( presentation ) civilisation vocabulaire"
"144","LG61","vocabulaire phrases presentation orale textes grammaire culture et civilisation chinoise conversation production ecrite"
"145","LG62","l'ecriture grammaire vocabulaire communication orale la prononciation  civilisation et culture la vie quotidienne"
"146","LG63","vocabulaire textes presentation orale grammaire civilisation et culture  le complement  expressions de la vie courante"
"147","LH12","Anglais niveau B1"
"148","LH13","Anglais niveau B2"
"149","LH14","Anglais scientifique Anglais technique UV de niveau 4"
"150","LH15","Civilisation americaine  Cinema americain UV de niveau 4"
"151","LH16","Anglais des affaires Anglais professionnel UV de niveau 4"
"152","LH18","suivi linguistique"
"153","LO17","traitement du langage naturel requetes plein texte Document NLTK indexation  methodes statistiques SPICY"
"154","LO21","heritage patrons encapsulation UML design patterns C++ classes Qt"
"155","LO22","Verification Validation Sa»rete de Fonctionnement Methodes Formelles Tolerance aux fautes"
"156","LO23","Gestion de projet M'aitrise de la qualite Cycle de developpement CMMI"
"157","MC01","conversion d'energie electromecanique machines synchrones asynchrones courant continu collecteur electronique"
"158","MC02","machines electriques convertisseurs electroniques transmission mecanique lois de commande vectorielle servomoteurs"
"159","MC05","cycles thermodynamiques machines a  combustion interne compresseur, pompe et turbine turbine a  gaz centrale thermique moteur Diesel et a  explosion (essence) pompe a  chaleur et machine frigorifique combustion, pollution, gaz a  effet de serre thermodynamique pour l'ingenieur cogeneration et maitrise de l'energie"
"160","MC06","automatique reglages de correcteurs commande d'axe processeurs numeriques de signaux"
"161","MC07","convertisseurs statiques conversion d'energie transfert d'energie reversibilite commande en courant commande en tension hacheur redresseur onduleur"
"162","MC08","robots actionneurs automatisation"
"163","MG01","conception et methodes Ingenieur-Stratege esprit d'equipe profil managerial (tests)"
"164","MG06","Enseignement a  distance Strategie d'innovation Creation de valeur en entreprise Enseignement a  distance Brevet Propriete intellectuelle Protection de l'invention"
"165","MI01","microprocesseurs Composant Programmable  VHDL Processeurs Pentium"
"166","MI11","Systemes multitaches temps reel Systemes d'exploitation embarques Ordonnancement temps reel Mecanismes noyau temps reel Synchronisation Developpement barebones"
"167","MI12","Systemes embarques Architectures embarquees Ingenierie basee modele Raspberry PI Android Studio"
"168","MP02","Prevision de volume de production Gestion des flux physiques Planification ERP Gestion de flux d'information"
"169","MP03","strategie de prix supply network planification agregee graphes ch'aine de distribution optimisation reseau de transport stocks"
"170","MQ01","theorie des poutres elasticite lineaire petites deformations"
"171","MQ02","tenseur des contraintes equilibre cinematique des solides deformables criteres limites lois de comportement"
"172","MQ03","mode propre reponse transitoire reponse harmonique frequence propre oscillateur harmonique systemes discrets vibrations"
"173","MQ04","thermoplastiques amorphes et semi-cristallins thermodurcissables elastomeres comportement viscoelastique comportement caoutchoutique modelisation et rheologie endommagement et rupture mise en oeuvre"
"174","MQ05","frottement usure traitements de surfaces mecanique de surfaces revetements choix des materiaux en tribologie lubrification"
"175","MQ06","elements finis coques plaques poutres barres solides statique vibratoire"
"176","MQ07","deterioration durabilite corrosion haute temperature fissuration materiaux traitements de surface revetements"
"177","MQ08","cristallographie dislocations diagrammes de phase traitement thermique acier aluminium aeronautique et automobile Corrosion"
"178","MQ09","Structure Vibration Systeme continu Dimensionnement vibratoire"
"179","MQ10","lois de comportement fatigue criteres de plasticite endommagement et rupture tenue en service et duree de vie fluage microstructure alliages metalliques"
"180","MQ11","Composites Polymeres Pseudoplasticite Metaux Viscoelasticite Ecrouissage Mise en forme/oeuvre Fabrication Additive Etat poudreux/liquide/semi-liquide/solide"
"181","MQ12","proprietes d'emploi socio-economie approvisionnement recyclage performances du produit cahier des charges procedes"
"182","MQ13","materiaux heterogenes Theorie de la stratification Mise en oeuvre orthotropie critere de rupture essais mecaniques elasticite orthotrope endommagement theorie du pli elementaire"
"183","MQ14","conception dimensionnement optimisation de forme elements finis probleme inverse identification optimisation topologique algorithmes genetiques optimisation topologique"
"184","MQ16","Elements finis Crash non linearites contact"
"185","MQ17","polymeres cristallographie composites elasticite plasticite fragilite alliages metalliques corrosion liaisons chimiques fatigue"
"186","MQ18","torseurs liaisons cinematique dynamique tenseur d'inertie equilibrage gyroscope vitesses et puissances virtuelles logiciel de simulation dynamique"
"187","MQ19","dynamique explicite elements finis vibrations modes propres reponse frequentielle reponse temporelle superposition modale integration directe dynamique des structures"
"188","MQ20","mecanique des fluides mecanique des solides elasticite viscosimetrie"
"189","MS01","electrons spectroscopies microscopies confocal absorption emission atomique fluorescence rheologie caracterisation des tissus mous"
"190","MS02","acquisition de donnees  capteurs  instrumentation"
"191","MS03","Methodes experimentales Vibrations Acoustique Vibro-acoustique"
"192","MT09","systemes lineaires moindres carres equations non-lineaires interpolation integration numerique equations differentielles"
"193","MT10","groupes arithmetique corps polyna´mes calcul formel anneaux cryptographie factorisation corps finis courbes elliptiques"
"194","MT11","Algebre Geometrie Analyse"
"195","MT12","Modelisation, Distribution Convolution, Optimisation Series de Fourier Transformee en ondelettes Transformees de Fourier et Laplace"
"196","MU01","musique instrument orchestre"
"197","MU03","Pratique collective Jazz Improvisation"
"198","NA05","Bureautique apprentissage collaboratif droit  creation de pages web"
"199","NF02","electronique numerique microprocesseurs interfaces programmation assembleur"
"200","NF04","Methode des elements finis Calcul integral et matriciel de base Methode des differences finies"
"201","NF05","Bureautique apprentissage collaboratif presentation assistee par ordinateur droit  creation de pages web tableur messagerie electronique"
"202","NF11","grammaire automate compilation"
"203","NF15","temps-reel programmation C microcontra´leur protocoles de communication informatique embarquee"
"204","NF16","structures de donnees algorithmes fichiers"
"205","NF18","bases de donnees non-relationnelles creation et interrogation de bases de donnees modelisation relationnelle"
"206","NF22","micro-ordinateur Visual Basic Excel Access"
"207","NF23","simulation operations unitaires logiciel HYSYS"
"208","NF24","modelisation et simulation des procedes couplage phenomenes physiques COMSOL Scilab"
"209","NF28","Interaction homme-machine Interfaces graphiques Developpement d'applications mobiles Realite virtuelle JavaFX UV design"
"210","PH01","technique metaphysique morale anthropologie esthetique politique epistemologie"
"211","PH02","collectifs paradigme experience/epreuve ingenieur contemporain construction de problemes"
"212","PH09","ethique morale responsabilite valeurs risque humain"
"213","PH10","phenomenologie indexation representation de contenus hypermedias industries culturelles"
"214","PR00","projet gestion de projet realisation"
"215","PS05","acoustique physique modelisation"
"216","PS09","acoustique mesure vibration"
"217","PS12","Modeles physiques Materiaux Acoustique Perception sonore"
"218","PS13","vibroacoustique rayonnement acoustique Elements finis  Transmission acoustique"
"219","PS15","chaleur travail energie interne enthalpie entropy exergie cycles moteurs cycles de refrigeration turbines-compresseurs  humidification-hygrometrie"
"220","RO03","optimisation combinatoire algorithmes graphes informatique structure de donnees complexite"
"221","RO04","programmation lineaire programmation lineaire en nombres entiers programmation mathematique"
"222","RO05","Markov processes Monte Carlo Processus brownien ch'aines de Markov Processus brownien"
"223","RO06","Logistique Simulation Optimisation"
"224","RR01","cinetique chimique reacteurs ideaux reacteur parfaitement agite reacteur piston reaction biologique reaction enzymatique reaction microbienne"
"225","RR02","distribution des temps de sejour reactions catalytiques lits fixes fluidisation reactions a  solides consommables reacteurs gaz-solide reacteurs gaz-liquide"
"226","RV01","calcul 3D temps reel casque de realite virtuelle realite augmentee moteur 3D Unity tracking interaction 3D immersion et interaction haptique"
"227","SA11","theatre voix corps silence ecriture experience parole creation"
"228","SA12","theatre improvisation creation non verbal oral"
"229","SC01","sciences cognitives epistemologie cognition-technique"
"230","SC11","cognition conscience corps computation couplage  pensee naturalisation technique"
"231","SC12","systeme technique raison graphique transduction cognition situee suppleance perceptive prothese enaction"
"232","SC21","Parole Conversation Cognition Semantique Syntaxe Communication"
"233","SC22","conception classe genre appropriation techniques espace Culture"
"234","SC23","narration et conversation lien social communication mediatisee story telling observation ethnographique observation ethnographique interaction sociale image numerique story telling video"
"235","SC24","behaviorisme gestalt developpement imitation affordance memoire cognition sociale perception-action"
"236","SC25","psychologie cognitive cognition sociale psychologie sociale anthropologie interaction homme-machine"
"237","SC26","Science et technologie de la cognition Raisonnement Analyse Renseignement Design d'interaction"
"238","SI01","risque technologique  democratie participative science et technologie ingenieurs  debat public vulgarisation risque technologique"
"239","SI02","gestion d'equipe presentation de rapports communication interne"
"240","SI07","Technologies de communication communication contenus numeriques"
"241","SI11","parole oralite soi autre parler ecouter"
"242","SI14","impromptu Speech Extemporaneous Speech articulation elocution competence linguistique competence paralinguistique"
"243","SI20","Rhetorique Discours  Argumentation"
"244","SI22","Semiotique Communication Langage Support numerique Discours Image Sens Signe"
"245","SI24","Ecriture numerique theorie du numerique ecriture collaborative"
"246","SI28","narration multimedia hypermedia web transmedia smartphone scenarisation interface interactivite design"
"247","SI90","controverse humanites numeriques innovations technologiques"
"248","SO04","droit droit constitutionnel droit communautaire organisation de la justice preuve contrat responsabilite contrat de travail"
"249","SO05","Organisations Sociologie Collectifs fiabilite organisationnelle"
"250","SO06","organismes regulateurs progres technologiques en sante gestion des risques produits, personnels et etablissements de sante"
"251","SP01","sport physiologie anatomie pedagogie biomecanique apprentissage technologie projet entrainement collectif"
"252","SP02","experience concrete vecu activite sportive projet pedagogique conduite d'un groupe responsabilite"
"253","SP22","Processus de performance, habiletes psychologiques, strategie de faire face. Methodologie, efficience personnelle et systeme; sante ; emancipation."
"254","SR01","langage C systemes d'exploitation programmation systeme appels systemes en C langage Python"
"255","SR02","exclusion mutuelle interblocages appels systemes en C interruptions gestion des E/S memoire virtuelle threads"
"256","SR03","Frameworks web REST Applications web REACT WebSocket HTML HTTP JavaScript Securite Web CSS"
"257","SR04","Architecture reseaux Reseaux locaux / sans fil/WANs interconnexions de reseaux Internet/ TCP-IP/IPv6"
"258","SR05","applications reparties partage de ressources et de donnees gestion des defaillances parcours de reseaux"
"259","SR06","politique de securite analyse de risque plan de reprise d'activite certificats signature bonnes pratiques ISO 27k"
"260","SR07","stockage robuste systemes redondants reseaux securises detection d'intrusion detection de vulnerabilite analyse de journaux"
"261","SR09","sa»rete de fonctionnement securite"
"262","SY02","estimation tests d'hypotheses analyse de la variance regression lineaire intervalle de confiance"
"263","SY03","mecanique machines electriques electronique de puissance stockage d'energie electrique approche systeme"
"264","SY04","automatique systeme asservi lineaire modelisation commande contra´leur industriel (correcteur)"
"265","SY05","dynamique des systemes contra´le-commande stabilite contra´leur PID commande en cascade commande par anticipation commande multivariable Matlab Simulink"
"266","SY06","Echantillonnage Filtres Temps-frequence Signaux continus Signaux discrets Analyse spectrale Temps echelle Signal aleatoire"
"267","SY08","Systemes a  evenements discrets Modelisation Automates Reseaux de Petri Grafcet"
"268","SY09","data mining classification science des donnees analyse exploratoire des donnees visualisation de donnees analyse factorielle fouille de donnees discrimination"
"269","SY10","arithmetique floue logique multivalente mesure de possibilite raisonnement approche systeme predictif regle floue IA Floue"
"270","SY12","Lean Manufacturing 5S SMED Flux PETRI Systemique Processus VSM"
"271","SY14","Automatique lineaire Identification et modelisation Commande : continue, echantillonnee Representation d'etat"
"272","SY15","Observation d'etat Commande par retour d'etat Filtre de Kalman Contra´le non-lineaire Commande optimale Modelisation robotique"
"273","SY19","apprentissage statistique discrimination reseaux de neurones SVM apprentissage profond science des donnees prediction regression classification automatique"
"274","SY27","Temps reel  Systemes embarques Prototypage rapide Vehicules intelligents Robotique"
"275","SY28","systemes multi-robots Estimation d'etat SCP prise de decision localisation communication commande"
"276","SY31","Traitement de l'information Incertitudes de mesures Technologies des capteurs Metrologie Perception robotique"
"277","SY32","traitement d'image vision par ordinateur apprentissage automatique reconstruction 3D analyse de scenes perception robotique"
"278","TA02","calcul economique element comptable gestion financiere investissements fiscalite actualisation strategie obsolescence plan d'affaires"
"279","TF01","CFD fluides incompressibles mecanique des fluides"
"280","TF06","transfert de chaleur conduction convection echangeur rayonnement"
"281","TF14","diffusion distillation absorption extraction liquide-liquide"
"282","TF70","Dimensionnement Pertes de charge Transfert thermique Echangeur  Dimensionnement echangeur"
"283","TF71","Biomasse  Procedes phsiques Valorisation Biotransformation Thermochimie"
"284","TH02","Production d'energie Chaudiere Traitement de fumees Turbine a  vapeur Turbine a  gaz Combustion/incineration"
"285","TH04","production de froid installations frigorifiques fluides frigorigenes conditionnement d'air refroidissement congelation"
"286","TN02","fonctions mecaniques liaisons positionnement guidage en rotation guidage en translation transformation de mouvement roulements engrenages ressorts CAO"
"287","TN08","design dessin rough"
"288","TN12","Processus de conception Analyse fonctionnelle CAO Technologie de construction Efforts Cinematique Resistance des materiaux Cotation fonctionnelle Tolerancement geometrique"
"289","TN13","demarche de conception conception integree bureau d'etude analyse et culture technologique"
"290","TN14","hydraulique pneumatique composants hydrauliques pompes moteurs"
"291","TN20","Assemblage Modelisation parametrique a  base de features Methodologies de collaboration Modelisations volumique et surfacique"
"292","TN21","PLM Realite augmentee Analyse de donnees IoT"
"293","TN22","tolerancements vocalulaire technique cotations plans systemes mecaniques schematisations pieces standard CAO fabrication materiaux"
"294","TN23","principe de l'independance avant projet d'etude de fabrication polymeres composites coupe coa»t moulage estampage matriçage metrologie"
"295","TN24","identification communication machines autonomes cellules et ateliers flexibles axes normalises des MOCN programmation manuelle FAO simulation de l'usinage outils equipement et environnement des MOCN"
"296","TN29","Product Data Management CAO Knowledge Based Engineering Conception collaborative Model Based System Engineering SysML Simulation systeme Ingenierie Systeme"
"297","TN30","CAO RV IAO GPAO FAO ERP PLM milieu professionnel transformation numerique"
"298","TO01","Test d'anglais Comprehension ecrite Comprehension orale QCM"
"299","TS01","APR Arbre d'evenement Etude des dangers AMDEC HAZOP Equivalent TNT Arbre des causes Arbre de defaillance"
"300","TS02","sa»rete danger risques majeurs genie des procedes feux  methodes d'analyse des risques Incendies accidents industriels Explosion risques procedes"
"301","TSN2","Technologie internet des objects Sport  Sante  Biomecanique Monitoring"
"302","TX00","probleme technique ingenierie analyse critique"
"303","UB01","Abduction d'eau Reseaux urbains Voirie Assainissement Travaux Publics"
"304","UB02","Projet de transports Planification urbaine Reduction de nuisances du au transports Transports en commun Modelisation des reseaux"
"305","UB03","Accessibilite Dynamiques urbaines Amenagement du territoire Geographie Mobilites Transports Evaluation des transports urbains"
"306","UB06","projet urbain maitrise d'ouvrage amenageur AMO finances collectivites economie territoriale"
"307","UB08","Hydrologie Cycle de l'eau Modeles pluie-debit Optimisation Fonction de production Fonction de transfert"
"308","UB10","bilan thermique besoin energetique echanges radiatifs physique urbaine"
"309","UR02","amenagement urbain analyse urbaine urbanisme histoire de l'urbanisme diagnostic territorial et urbain terrain"
"310","UR03","conception assistee par ordinateur; aide a  la decision rendu MNT/BIM/CIM/LOD modelisation 3D (filaire, surfacique, volumique)"
"311","UB06","projet urbain maitrise d'ouvrage amenageur AMO finances collectivites economie territoriale"
"312","UB10","bilan thermique besoin energetique echanges radiatifs physique urbaine"
"313","UR02","amenagement urbain analyse urbaine urbanisme histoire de l'urbanisme diagnostic territorial et urbain terrain"
"314","UR03","conception assistee par ordinateur; aide a  la decision rendu MNT/BIM/CIM/LOD modelisation 3D (filaire, surfacique, volumique)"
"315","UR05","ville durable etude d'impacts eau diagnostic territorial adaptation changement climatique droit de l'environnement"
"316","UR06","systeme d'information geographique analyse spatiale aide a  l'information et a  la decision modelisation"
"317","UR07","Politiques territoriales et urbaines Urbanisme reglementaire Politique de la ville PLUI Document de planification Projet urbain"
"318","WE01","Technologies web Fonctionnement des reseaux Methodes agiles Redecentralisation d'Internet Low-technicisation du Web Capitalisme de surveillance Redaction scientifique Theorie du support Droit d'auteur"
"319","XL22","microbiologie metabolisme microbien genetique"
"320","CM11","liaisons chimiques Interactions moleculaires equilibres : acido-basique d'oxydo-reduction solubilite complexation cinetique formelle mecanismes reactionnels catalyse"
"321","CM12","atomistique  diagrammes de phases  diagrammes d'energie  procedes chimiques structures moleculaires structures ioniques structures covalentes structures cristallines liaisons chimiques structures metalliques"
"322","HT05","Analyse fonctionnelle Analyse de la valeur Invention Theories de la technique"
"323","INF1","informatique algorithmique algorithmes programmation programmes informatiques langage de programmation langage structure"
"324","IS02","Evaluation environnementale Analyse de Cycle de Vie Ingenierie soutenable environnement Ingenierie durable"
"325","MT22","differentielle chain rule accroissements finis fonctions implicites grad rot div etude locale de courbes et surfaces integrales double curviligne"
"326","MT23","espaces vectoriels applications lineaires valeurs propres et vecteurs propres espaces euclidiens systemes d'equations differentielles lineaires"
"327","NF92","UML PHP Reseaux HTML Protocoles et securite Bases de donnees SQL"
"328","NF93","complexite des algorithmes et des problemes grammaires formelles decidabilite calculabilite algorithmes machines de Turing automates ensembles, relations, fonctions, graphes langages"
"329","NP90","Projet Travail collaboratif Challenge Technologie"
"330","PS04","equilibre liquide-vapeur machines thermiques energie interne gaz reel gaz parfait travail entropie chaleur"
"331","PS21","Cinematique Forces Dynamique Energie Oscillations"
"332","PS23","champ electrostatique champ magnetostatique induction electromagnetique equations de Maxwell"
"333","PS24","proprietes magnetiques proprietes dielectriques proprietes thermiques proprietes mecaniques proprietes optiques structure de la matiere (metaux, polymeres, ceramiques) proprietes semi-conductrices proprietes electriques"
"334","PS90","Grandeurs et unites Principe de la mesure  Sources d'erreur  Determination des incertitudes"
"335","PS93","dioptres, lentilles et miroirs optique geometrique instruments d'optique diffraction de la lumiere"
"336","PS94","Circuits electriques Regime continu Regime variable Regime sinusoa¯dal etabli"
"337","SV02","Caracterisation mecanique Physiologie Electrophysiologie Biomecanique Plasticite Exploration fonctionnelle Motricite"
"338","SY01","dependance lois de probabilites independance suites de variables aleatoires et theoremes limites variables aleatoires convergences"
"339","TF11","transfert de quantite de mouvement viscosite transfert de matiere diffusion transfert de chaleur conduction convection"
"340","TN01","schemas liaisons mecaniques CAO projection cotation fonctionnelle transmission mecanique"
"341","TN03","principe de l'independance fonte acier formage soudage moulage frittage electroerosion materiaux plastiques et composites metrologie"
"342","TN04","projet travaux d'atelier mecanique electricite menuiserie"
"343","TN06","actions mecaniques liaisons principe fondamental de la statique adherence frottement treillis plans analyse des mecanismes"
